Timestamp,Open,High,Low,Close,Adj Close,Volume
12/4/14,16,16.030001,15.75,15.81,11.765979,23264600
12/5/14,15.9,15.94,15.63,15.7,11.684116,29700300
12/8/14,15.68,15.75,15.38,15.43,11.48318,25519100
12/9/14,15.05,15.43,14.75,15.43,11.48318,23382800
12/10/14,15.43,15.43,15.15,15.16,11.282244,24615500
12/11/14,15.17,15.49,15.03,15.28,11.371547,30359300
12/12/14,15.2,15.21,14.99,14.99,11.155725,22684500
12/15/14,14.86,14.92,14.27,14.28,10.627337,47476400
12/16/14,14.19,14.46,13.93,14.09,10.485938,43879300
12/17/14,14.17,14.52,14.11,14.45,10.753853,29504200
12/18/14,14.7,14.81,14.51,14.81,11.02177,35542500
12/19/14,14.79,15.05,14.74,15.03,11.185496,40843500
12/22/14,15.08,15.24,15,15.22,11.326896,25366800
12/23/14,15.21,15.45,15.21,15.33,11.408759,20828700
12/24/14,15.37,15.38,15.25,15.3,11.386431,7128800
12/26/14,15.3,15.49,15.26,15.45,11.498062,11666400
12/29/14,15.37,15.68,15.34,15.52,11.550158,19137500
12/30/14,15.48,15.6,15.45,15.5,11.535276,14795000
12/31/14,15.51,15.64,15.47,15.5,11.535276,17930200
1/2/15,15.59,15.65,15.18,15.36,11.431086,24777900
1/5/15,15.12,15.13,14.69,14.76,10.984559,44079700
1/6/15,14.88,14.9,14.38,14.62,10.880366,32981600
1/7/15,14.78,15.09,14.77,15.04,11.192937,26065300
1/8/15,15.4,15.48,15.23,15.42,11.475739,33943400
1/9/15,15.46,15.47,15.06,15.21,11.319453,23420800
1/12/15,15.31,15.32,15.11,15.22,11.326896,22750800
1/13/15,15.38,15.48,15.08,15.21,11.319453,26279400
1/14/15,15.07,15.16,14.83,15.11,11.245032,36798300
1/15/15,15.12,15.16,14.8,14.86,11.058978,24981300
1/16/15,14.81,15.04,14.75,15.02,11.178054,32089900
1/20/15,15.08,15.13,14.75,15.01,11.170613,28553700
1/21/15,14.98,15.11,14.88,14.97,11.140842,23281500
1/22/15,15.01,15.07,14.9,15.03,11.185496,23669200
1/23/15,15.02,15.08,14.89,14.91,11.09619,21620600
1/26/15,14.98,15.15,14.97,15.08,11.222706,25237200
1/27/15,14.96,14.99,14.72,14.85,11.051538,34609100
1/28/15,14.83,14.83,14.42,14.46,10.871103,40579800
1/29/15,14.62,14.96,14.3,14.85,11.164308,40731100
1/30/15,14.75,14.89,14.63,14.71,11.059057,30439700
2/2/15,14.75,15.3,14.74,15.27,11.480066,40371800
2/3/15,15.47,15.79,15.44,15.65,11.765752,48335400
2/4/15,15.68,16.02,15.65,15.87,11.931148,41179500
2/5/15,16.01,16.02,15.75,15.85,11.916112,25713200
2/6/15,15.84,16,15.77,15.86,11.923631,28187700
2/9/15,15.76,16.030001,15.72,15.92,11.96874,20286700
2/10/15,16.049999,16.139999,15.91,16.09,12.096547,27928500
2/11/15,16.08,16.309999,16.01,16.25,12.216836,34285300
2/12/15,16.34,16.450001,16.299999,16.360001,12.299535,23738800
2/13/15,16.33,16.360001,16.190001,16.299999,12.254424,19954600
2/17/15,16.209999,16.299999,16,16.110001,12.111583,44362300
2/18/15,16.16,16.33,16.059999,16.209999,12.186762,22812700
2/19/15,16.190001,16.48,16.17,16.43,12.35216,24863900
2/20/15,16.389999,16.459999,16.25,16.4,12.329606,21523600
2/23/15,16.33,16.450001,16.290001,16.379999,12.314571,19016800
2/24/15,16.360001,16.42,16.280001,16.360001,12.299535,17672500
2/25/15,16.34,16.620001,16.34,16.51,12.412306,23320200
2/26/15,16.4,16.57,16.370001,16.379999,12.314571,20800000
2/27/15,16.379999,16.4,16.219999,16.34,12.284497,20337000
3/2/15,16.34,16.59,16.34,16.57,12.457415,26341100
3/3/15,16.07,16.299999,16.059999,16.17,12.156693,37689000
3/4/15,16.09,16.139999,15.93,16.030001,12.05144,25659400
3/5/15,16.09,16.23,16.09,16.110001,12.111583,16548200
3/6/15,16.040001,16.200001,15.91,15.93,11.976259,24420500
3/9/15,15.98,16.1,15.93,16.030001,12.05144,17132400
3/10/15,15.94,15.95,15.69,15.72,11.818377,31687700
3/11/15,15.77,15.85,15.7,15.75,11.840933,20638700
3/12/15,15.88,16.23,15.86,16.17,12.156693,31172200
3/13/15,16.16,16.25,16,16.200001,12.179245,27877700
3/16/15,16.26,16.5,16.24,16.49,12.397268,37731700
3/17/15,16.389999,16.49,16.360001,16.389999,12.322089,20917700
3/18/15,16.309999,16.51,16.110001,16.459999,12.374714,33748000
3/19/15,16.42,16.459999,16.280001,16.34,12.284497,18021500
3/20/15,16.35,16.540001,16.34,16.48,12.389751,42096800
3/23/15,16.469999,16.74,16.459999,16.57,12.457415,30709000
3/24/15,16.58,16.690001,16.469999,16.559999,12.449894,16661800
3/25/15,16.530001,16.549999,16.18,16.18,12.164208,21996200
3/26/15,16.110001,16.17,15.96,16.01,12.036401,33327900
3/27/15,16.059999,16.1,15.85,15.98,12.013849,53270400
3/30/15,16.120001,16.280001,16.049999,16.16,12.149173,20537600
3/31/15,16.120001,16.290001,16.08,16.139999,12.134136,21792600
4/1/15,16.16,16.16,15.85,15.91,11.961223,27365900
4/2/15,15.93,16.040001,15.85,16.030001,12.05144,15925400
4/6/15,15.95,16.110001,15.9,16,12.028884,18522100
4/7/15,15.95,15.97,15.78,15.9,11.953703,26616700
4/8/15,15.97,16.09,15.95,15.98,12.013849,25147000
4/9/15,16,16.07,15.88,15.95,11.991294,23461900
4/10/15,15.97,16.049999,15.95,16.030001,12.05144,17657700
4/13/15,16,16.08,15.87,15.87,11.931148,22521100
4/14/15,15.9,16.049999,15.89,15.97,12.00633,21745900
4/15/15,16.01,16.08,16,16.07,12.081511,25503500
4/16/15,16.040001,16.09,15.93,15.94,11.983776,23494400
4/17/15,15.88,15.88,15.71,15.76,11.84845,32149000
4/20/15,15.89,15.92,15.82,15.91,11.961223,15250800
4/21/15,15.92,15.98,15.76,15.82,11.893559,18509500
4/22/15,15.83,15.93,15.72,15.91,11.961223,20312100
4/23/15,15.84,15.9,15.7,15.76,11.84845,28458000
4/24/15,15.73,15.87,15.7,15.77,11.855968,20293300
4/27/15,15.82,16,15.77,15.9,11.953703,34824900
4/28/15,15.93,16.08,15.77,16.059999,12.073991,56634200
4/29/15,15.86,16.1,15.82,16.02,12.15747,35126900
4/30/15,15.97,16.040001,15.74,15.8,11.990514,30269300
5/1/15,15.9,15.94,15.7,15.81,11.998103,20602200
5/4/15,15.81,15.88,15.75,15.78,11.975337,15078700
5/5/15,15.77,15.82,15.52,15.53,11.785614,32248900
5/6/15,15.61,15.66,15.4,15.48,11.747666,26381200
5/7/15,15.46,15.56,15.14,15.51,11.770436,26996600
5/8/15,15.62,15.71,15.59,15.67,11.891859,21336800
5/11/15,15.65,15.84,15.64,15.65,11.876679,17249800
5/12/15,15.59,15.65,15.5,15.56,11.80838,17670000
5/13/15,15.54,15.62,15.37,15.41,11.694545,20890400
5/14/15,15.5,15.54,15.2,15.27,11.588301,28794700
5/15/15,15.27,15.49,15.27,15.48,11.747666,18937700
5/18/15,15.47,15.64,15.45,15.58,11.823558,19491900
5/19/15,15.59,15.63,15.45,15.5,11.762846,15145300
5/20/15,15.54,15.56,15.26,15.3,11.611067,22391500
5/21/15,15.28,15.55,15.26,15.51,11.770436,23962000
5/22/15,15.5,15.5,15.27,15.27,11.588301,24795800
5/26/15,15.27,15.34,15.15,15.19,11.527589,25002900
5/27/15,15.23,15.37,15.2,15.32,11.626245,18763900
5/28/15,15.28,15.34,15.24,15.29,11.603477,13959000
5/29/15,15.31,15.4,15.16,15.17,11.512411,19060400
6/1/15,15.33,15.45,15.19,15.36,11.656603,26685300
6/2/15,15.44,15.5,15.21,15.26,11.580712,34974700
6/3/15,15.29,15.32,15.12,15.2,11.535177,24311600
6/4/15,15.13,15.17,15.01,15.05,11.421345,23428400
6/5/15,15.02,15.02,14.78,14.78,11.216442,44736900
6/8/15,14.83,15.01,14.8,14.9,11.30751,30240600
6/9/15,14.92,15.01,14.84,14.88,11.292334,20454700
6/10/15,15.01,15.08,14.95,15.03,11.406165,20961100
6/11/15,15.11,15.35,15.08,15.28,11.595891,27187100
6/12/15,15.2,15.35,15.18,15.23,11.557942,19847300
6/15/15,15.06,15.11,14.97,15.05,11.421345,23825400
6/16/15,15.01,15.04,14.93,15,11.383401,23359500
6/17/15,15.01,15.08,14.86,15.02,11.39858,25842100
6/18/15,15.03,15.24,15,15.14,11.489645,21360500
6/19/15,15.09,15.25,15.06,15.11,11.466878,24675100
6/22/15,15.14,15.25,15.1,15.13,11.482058,18863800
6/23/15,15.23,15.41,15.22,15.29,11.603477,21177800
6/24/15,15.5,15.66,15.42,15.5,11.762846,35401000
6/25/15,15.52,15.56,15.39,15.44,11.717313,23994400
6/26/15,15.43,15.49,15.35,15.4,11.686955,20428200
6/29/15,15.23,15.3,14.92,15.02,11.39858,38117400
6/30/15,15.17,15.18,14.9,15.01,11.390987,28509300
7/1/15,15.14,15.17,14.8,14.99,11.375813,31744500
7/2/15,15.01,15.08,14.81,14.87,11.284744,18482400
7/6/15,14.75,14.9,14.7,14.79,11.224033,22609800
7/7/15,14.77,14.9,14.52,14.85,11.269567,28151300
7/8/15,14.67,14.72,14.27,14.37,10.905297,42278500
7/9/15,14.6,14.62,14.27,14.33,10.874942,29660700
7/10/15,14.48,14.54,14.35,14.48,10.988775,20093600
7/13/15,14.64,14.65,14.42,14.64,11.110198,19864000
7/14/15,14.71,14.86,14.59,14.81,11.23921,20830700
7/15/15,14.83,14.86,14.61,14.75,11.193676,21892100
7/16/15,14.74,14.79,14.45,14.57,11.057076,33938900
7/17/15,14.51,14.69,14.48,14.69,11.148142,31718000
7/20/15,14.71,14.75,14.53,14.57,11.057076,25428200
7/21/15,14.53,14.55,14.45,14.51,11.011542,19334700
7/22/15,14.49,14.51,14.35,14.42,10.943243,30909700
7/23/15,14.75,14.87,14.59,14.61,11.087431,29440400
7/24/15,14.72,14.73,14.32,14.39,10.920475,26050900
7/27/15,14.35,14.6,14.23,14.55,11.041897,43857200
7/28/15,14.96,15,14.6,14.83,11.254387,56398500
7/29/15,14.83,15.3,14.81,15.21,11.660712,52125400
7/30/15,15.21,15.3,14.96,15.1,11.576382,34980300
7/31/15,15.18,15.19,14.73,14.83,11.369385,32654400
8/3/15,14.97,15.04,14.85,14.94,11.453714,26702300
8/4/15,14.94,15,14.84,14.91,11.430718,18845000
8/5/15,14.99,15.04,14.72,14.8,11.346386,22490000
8/6/15,14.8,14.88,14.62,14.83,11.369385,26811400
8/7/15,14.85,14.92,14.75,14.8,11.346386,14279200
8/10/15,14.86,15,14.81,14.99,11.492048,16804900
8/11/15,14.8,14.8,14.61,14.7,11.26972,26971300
8/12/15,14.55,14.71,14.37,14.68,11.254387,20864000
8/13/15,14.64,14.85,14.59,14.71,11.277388,20560700
8/14/15,14.73,14.83,14.68,14.78,11.331051,18398900
8/17/15,14.76,14.77,14.57,14.68,11.254387,16028300
8/18/15,14.69,14.84,14.66,14.83,11.369385,16853800
8/19/15,14.78,14.98,14.76,14.77,11.323384,22521900
8/20/15,14.71,14.71,14.4,14.43,11.062725,24108500
8/21/15,14.29,14.38,13.84,13.86,10.625737,42103400
8/24/15,12.24,13.48,10.44,13.19,10.112082,59805900
8/25/15,13.85,13.86,12.9,12.9,9.889756,47961800
8/26/15,13.18,13.35,12.77,13.21,10.127414,48377900
8/27/15,13.46,13.67,13.23,13.56,10.395742,42067900
8/28/15,13.54,13.84,13.53,13.74,10.533739,25699000
8/31/15,13.76,13.94,13.51,13.87,10.633403,38210300
9/1/15,13.95,14.15,13.6,13.72,10.518407,50482900
9/2/15,13.99,14,13.63,13.87,10.633403,29602800
9/3/15,13.94,14.07,13.78,13.84,10.610404,27560400
9/4/15,13.68,13.7,13.4,13.56,10.395742,31138400
9/8/15,13.77,13.78,13.54,13.67,10.480073,30030100
9/9/15,13.81,13.84,13.47,13.53,10.372744,30846300
9/10/15,13.52,13.83,13.35,13.73,10.526072,38696300
9/11/15,13.75,13.81,13.53,13.71,10.510738,22804500
9/14/15,13.72,13.79,13.63,13.78,10.564403,26093500
9/15/15,13.8,14.37,13.79,14.31,10.970726,46666700
9/16/15,14.32,14.76,14.25,14.64,11.223723,41675000
9/17/15,14.61,14.88,14.46,14.6,11.193056,37709000
9/18/15,14.44,14.48,14.21,14.28,10.947728,40712200
9/21/15,14.2,14.43,14.15,14.32,10.978394,20764100
9/22/15,14.01,14.05,13.73,13.92,10.671735,44081000
9/23/15,13.93,13.95,13.51,13.68,10.487739,31598400
9/24/15,13.57,13.7,13.27,13.65,10.464741,32462000
9/25/15,13.87,13.87,13.51,13.53,10.372744,35967400
9/28/15,13.46,13.51,13.06,13.12,10.058416,41124700
9/29/15,13.14,13.21,13.01,13.15,10.081416,44417400
9/30/15,13.37,13.58,13.27,13.57,10.403409,40205300
10/1/15,13.76,13.78,13.47,13.67,10.480073,33326900
10/2/15,13.5,14.01,13.42,13.99,10.725399,30097000
10/5/15,14.12,14.27,13.9,14.19,10.878729,38611900
10/6/15,14.19,14.44,14.15,14.31,10.970726,27045900
10/7/15,14.49,14.75,14.46,14.75,11.308052,33389600
10/8/15,14.72,15.01,14.68,14.99,11.492048,25994700
10/9/15,15.03,15.1,14.82,14.97,11.476715,29216500
10/12/15,14.98,15,14.85,14.98,11.484382,14372100
10/13/15,14.88,15.1,14.83,14.94,11.453714,30615400
10/14/15,14.94,15.04,14.86,15.01,11.50738,22314500
10/15/15,15.2,15.23,14.99,15.22,11.668377,27437600
10/16/15,15.25,15.29,15.11,15.28,11.714375,24240500
10/19/15,15.23,15.36,15.15,15.36,11.775708,17863000
10/20/15,15.27,15.6,15.27,15.38,11.79104,29453800
10/21/15,15.6,15.69,15.35,15.41,11.814039,34039800
10/22/15,15.49,15.63,15.4,15.58,11.94437,23484400
10/23/15,15.71,15.75,15.49,15.67,12.013369,28592800
10/26/15,15.73,15.84,15.57,15.68,12.021036,38062300
10/27/15,15.01,15.15,14.8,14.89,11.415383,64579700
10/28/15,14.78,15,14.67,14.97,11.593508,34485300
10/29/15,14.94,14.96,14.61,14.73,11.407639,32247000
10/30/15,14.74,14.95,14.63,14.81,11.469595,29225800
11/2/15,14.79,14.9,14.71,14.75,11.423128,30295900
11/3/15,14.78,14.87,14.72,14.81,11.469595,25878800
11/4/15,14.83,14.86,14.64,14.65,11.345682,27166400
11/5/15,14.7,14.71,14.5,14.57,11.283727,21877700
11/6/15,14.51,14.55,14.38,14.52,11.245006,24085700
11/9/15,14.52,14.53,14.26,14.33,11.097861,25257400
11/10/15,14.33,14.34,14.14,14.28,11.059134,22197200
11/11/15,14.28,14.38,14.18,14.31,11.082371,16893000
11/12/15,14.21,14.27,14.02,14.04,10.87327,20283700
11/13/15,14.02,14.07,13.89,13.92,10.780336,25482700
11/16/15,13.85,14.08,13.85,14.04,10.87327,22636000
11/17/15,14.02,14.37,14.01,14.15,10.958459,25188600
11/18/15,14.23,14.5,14.18,14.46,11.198538,26250400
11/19/15,14.45,14.63,14.42,14.57,11.283727,23593800
11/20/15,14.62,14.76,14.54,14.6,11.306962,18906200
11/23/15,14.6,14.73,14.51,14.55,11.268238,18273900
11/24/15,14.41,14.63,14.32,14.55,11.268238,21251800
11/25/15,14.54,14.68,14.52,14.55,11.268238,12627000
11/27/15,14.54,14.59,14.5,14.53,11.252751,7760600
11/30/15,14.54,14.55,14.29,14.33,11.097861,27860300
12/1/15,14.32,14.56,14.29,14.56,11.275984,29142200
12/2/15,14.6,14.62,14.24,14.26,11.043648,21398100
12/3/15,14.31,14.34,13.93,13.98,10.826802,29847300
12/4/15,14.08,14.26,14,14.2,10.99718,28354100
12/7/15,14.19,14.2,14.02,14.12,10.935225,14530600
12/8/15,14.03,14.1,13.88,13.97,10.819058,30356900
12/9/15,13.91,14.14,13.8,13.89,10.757103,25196900
12/10/15,13.91,14.09,13.89,13.96,10.811313,22039300
12/11/15,13.84,13.92,13.58,13.64,10.563489,29576400
12/14/15,13.66,13.74,13.4,13.62,10.548,26825200
12/15/15,13.74,14,13.72,13.87,10.741611,43728500
12/16/15,14,14.36,13.99,14.36,11.121093,40683800
12/17/15,14.37,14.38,13.95,13.98,10.826802,26179800
12/18/15,13.88,13.91,13.72,13.8,10.687403,40453000
12/21/15,13.89,13.95,13.67,13.73,10.633188,31598000
12/22/15,13.93,14.25,13.9,14.2,10.99718,50646600
12/23/15,14.27,14.38,14.26,14.36,11.121093,22172300
12/24/15,14.35,14.37,14.25,14.31,11.082371,9000100
12/28/15,14.28,14.34,14.16,14.18,10.981693,13697500
12/29/15,14.28,14.3,14.15,14.23,11.020413,18867800
12/30/15,14.23,14.26,14.12,14.17,10.973947,13800300
12/31/15,14.14,14.16,14.04,14.09,10.91199,19881000
1/4/16,13.87,14,13.75,13.97,10.819058,38618500
1/5/16,13.97,14,13.51,13.72,10.625446,50267500
1/6/16,13.56,13.56,13.05,13.11,10.153032,61285500
1/7/16,12.9,13.04,12.6,12.7,9.835508,57846700
1/8/16,13.05,13.1,12.5,12.54,9.711595,46199400
1/11/16,12.8,12.82,12.55,12.77,9.889718,41269100
1/12/16,13.03,13.04,12.58,12.85,9.951674,50983700
1/13/16,12.73,12.84,12.06,12.2,9.448283,102174700
1/14/16,12.19,12.31,11.82,12.19,9.440538,62938600
1/15/16,11.81,12,11.58,11.97,9.270158,69030000
1/19/16,12.15,12.16,11.82,11.95,9.25467,41142600
1/20/16,11.79,12.07,11.47,11.9,9.215947,59879000
1/21/16,12.01,12.28,11.86,12.01,9.301138,48841800
1/22/16,12.26,12.36,12.03,12.14,9.401815,44537800
1/25/16,12.3,12.31,11.93,11.98,9.277904,96738600
1/26/16,12.14,12.3,12.04,12.26,9.494748,45969800
1/27/16,12.05,12.1,11.73,11.85,9.486744,42064200
1/28/16,12.03,12.06,11.2,11.71,9.374663,75699800
1/29/16,11.83,11.94,11.65,11.94,9.558794,52137400
2/1/16,11.92,12.14,11.73,12.07,9.662868,37301200
2/2/16,11.95,12.08,11.45,11.51,9.214552,55649200
2/3/16,11.67,11.68,11.02,11.46,9.174523,69454600
2/4/16,11.37,11.69,11.26,11.53,9.230562,40223100
2/5/16,11.52,11.7,11.42,11.45,9.166517,33322200
2/8/16,11.39,11.69,11.25,11.59,9.278595,45274500
2/9/16,11.47,11.61,11.22,11.35,9.08646,48956800
2/10/16,11.46,11.57,11.33,11.34,9.078456,38160300
2/11/16,11.17,11.43,11.1,11.17,8.942358,45801300
2/12/16,11.25,11.58,11.18,11.55,9.246572,28085000
2/16/16,11.75,11.88,11.53,11.87,9.502754,41072100
2/17/16,11.99,12.3,11.98,12.27,9.822982,37766400
2/18/16,12.4,12.44,12.12,12.26,9.814977,28784700
2/19/16,12.19,12.22,12.01,12.1,9.686887,26479300
2/22/16,12.1,12.56,12.1,12.56,10.055148,33549700
2/23/16,12.53,12.65,12.42,12.42,9.943067,30136700
2/24/16,12.11,12.11,11.6,12.08,9.670875,60608400
2/25/16,12.11,12.4,12.05,12.39,9.919051,32024800
2/26/16,12.52,12.59,12.4,12.47,9.983097,30228800
2/29/16,12.42,12.65,12.39,12.51,10.015119,32999100
3/1/16,13.01,13.12,12.72,13.09,10.47945,71523900
3/2/16,13.06,13.35,13.04,13.22,10.583524,36598200
3/3/16,13.25,13.61,13.24,13.54,10.839706,44524500
3/4/16,13.56,13.86,13.43,13.59,10.879736,31818600
3/7/16,13.46,13.74,13.45,13.62,10.903751,26131400
3/8/16,13.51,13.58,13.15,13.23,10.591529,34770600
3/9/16,13.25,13.32,13.01,13.19,10.559505,34146200
3/10/16,13.25,13.28,12.92,13.15,10.527484,39076500
3/11/16,13.26,13.3,13.2,13.29,10.639564,27583000
3/14/16,13.28,13.37,13.18,13.27,10.623551,20609600
3/15/16,13.12,13.24,13.05,13.23,10.591529,27729900
3/16/16,13.21,13.51,13.18,13.5,10.807683,47035000
3/17/16,13.47,13.68,13.39,13.47,10.783666,31521700
3/18/16,13.54,13.7,13.49,13.64,10.919764,32182400
3/21/16,13.64,13.76,13.56,13.66,10.935773,20905200
3/22/16,13.65,13.73,13.51,13.59,10.879736,26148000
3/23/16,13.57,13.61,13.19,13.26,10.615548,31535500
3/24/16,13.11,13.12,12.78,13.06,10.455434,36203200
3/28/16,13.13,13.17,13.07,13.09,10.47945,18684200
3/29/16,13.05,13.2,12.97,13.2,10.567513,26077400
3/30/16,13.28,13.44,13.25,13.35,10.687597,25322500
3/31/16,13.34,13.52,13.34,13.5,10.807683,32943400
4/1/16,13.28,13.33,13.05,13.1,10.487455,57914000
4/4/16,13.11,13.12,12.76,12.8,10.247284,42406300
4/5/16,12.73,12.85,12.52,12.77,10.223269,32425000
4/6/16,12.75,12.87,12.65,12.82,10.263295,22597400
4/7/16,12.77,12.79,12.39,12.52,10.023125,37688100
4/8/16,12.62,12.78,12.51,12.55,10.047141,20015300
4/11/16,12.61,12.8,12.58,12.66,10.135205,27744800
4/12/16,12.72,12.84,12.66,12.81,10.255292,23417000
4/13/16,12.87,13.12,12.85,13.06,10.455434,29331100
4/14/16,13.09,13.18,13.02,13.09,10.47945,22453700
4/15/16,13.1,13.12,12.85,12.94,10.359365,22986100
4/18/16,12.98,13.28,12.95,13.25,10.607541,30137700
4/19/16,13.35,13.5,13.28,13.44,10.759647,28808300
4/20/16,13.42,13.72,13.4,13.64,10.919764,32199000
4/21/16,13.81,13.88,13.56,13.65,10.927768,38126300
4/22/16,13.63,13.78,13.51,13.61,10.895743,28846300
4/25/16,13.59,13.65,13.47,13.58,10.871727,19494800
4/26/16,13.66,13.82,13.63,13.75,11.007825,35214200
4/27/16,13.64,13.71,13.59,13.66,11.056388,27151400
4/28/16,13.79,14.22,13.71,14.09,11.404429,87588800
4/29/16,13.93,14.03,13.53,13.56,10.975451,69695100
5/2/16,13.67,13.79,13.6,13.62,11.024013,57955400
5/3/16,13.5,13.55,13.15,13.43,10.870227,45594000
5/4/16,13.29,13.38,13.14,13.31,10.773101,28895000
5/5/16,13.35,13.43,13.22,13.32,10.781195,23838100
5/6/16,13.26,13.48,13.24,13.44,10.878322,23284500
5/9/16,13.42,13.5,13.28,13.32,10.781195,21602000
5/10/16,13.38,13.52,13.38,13.49,10.918791,23583400
5/11/16,13.44,13.54,13.3,13.32,10.781195,20229600
5/12/16,13.4,13.47,13.17,13.35,10.805476,24784300
5/13/16,13.34,13.52,13.17,13.22,10.700255,27481900
5/16/16,13.22,13.38,13.21,13.32,10.781195,21262700
5/17/16,13.14,13.31,13.07,13.14,10.635503,34165300
5/18/16,13.12,13.34,13.05,13.16,10.65169,23509700
5/19/16,13.1,13.2,13.02,13.09,10.595033,24117800
5/20/16,13.15,13.26,13.13,13.19,10.67597,19465000
5/23/16,13.14,13.2,13.11,13.13,10.627407,16234300
5/24/16,13.16,13.3,13.16,13.29,10.756911,19721600
5/25/16,13.33,13.6,13.33,13.52,10.943072,26188300
5/26/16,13.59,13.68,13.37,13.46,10.89451,18369900
5/27/16,13.48,13.54,13.4,13.45,10.886417,17263300
5/31/16,13.49,13.56,13.4,13.49,10.918791,26096000
6/1/16,13.43,13.44,12.97,13.11,10.611219,58219600
6/2/16,13.09,13.32,13.05,13.21,10.69216,41614600
6/3/16,13.14,13.14,12.9,13.04,10.554561,39850700
6/6/16,13.08,13.21,13.04,13.18,10.667878,25588700
6/7/16,13.23,13.45,13.18,13.38,10.829757,27656900
6/8/16,13.45,13.49,13.35,13.36,10.813569,18084800
6/9/16,13.26,13.3,13.14,13.26,10.732628,19873800
6/10/16,13.17,13.25,13.05,13.1,10.603126,27382700
6/13/16,13.07,13.13,12.96,12.98,10.505999,20745800
6/14/16,12.99,13.07,12.76,12.84,10.392681,30546000
6/15/16,12.91,13.16,12.88,13.01,10.530281,25829700
6/16/16,12.93,13.14,12.85,13.12,10.619312,26581200
6/17/16,13.16,13.4,13.15,13.26,10.732628,37364900
6/20/16,13.39,13.55,13.39,13.42,10.862133,29666700
6/21/16,13.44,13.44,13.18,13.22,10.700255,36721800
6/22/16,13.23,13.31,13.15,13.18,10.667878,20666600
6/23/16,13.29,13.41,13.28,13.4,10.845944,24579700
6/24/16,12.79,12.91,12.45,12.52,10.133675,96887300
6/27/16,12.43,12.43,12,12.16,9.84229,52731800
6/28/16,12.42,12.44,12.21,12.39,10.028453,40640400
6/29/16,12.49,12.58,12.36,12.55,10.157957,31937900
6/30/16,12.56,12.57,12.26,12.57,10.174144,44983800
7/1/16,12.88,12.89,12.69,12.72,10.295554,45067800
7/5/16,12.57,12.59,12.31,12.4,10.036546,30243300
7/6/16,12.32,12.58,12.21,12.57,10.174144,35091200
7/7/16,12.57,12.84,12.57,12.75,10.319838,33473000
7/8/16,12.89,13.17,12.89,13.09,10.595033,45945200
7/11/16,13.17,13.33,13.13,13.27,10.740724,28626300
7/12/16,13.38,13.54,13.38,13.45,10.886417,31320100
7/13/16,13.49,13.51,13.31,13.48,10.910697,26779800
7/14/16,13.57,13.7,13.55,13.59,10.999729,31803000
7/15/16,13.63,13.67,13.53,13.57,10.983544,19546300
7/18/16,13.56,13.68,13.42,13.65,11.048294,22545800
7/19/16,13.56,13.72,13.5,13.65,11.048294,26183400
7/20/16,13.61,13.78,13.56,13.74,11.12114,22588900
7/21/16,13.87,14.04,13.86,13.92,11.266835,40574400
7/22/16,13.92,13.93,13.71,13.84,11.202083,25134100
7/25/16,13.86,13.95,13.76,13.83,11.193987,26248500
7/26/16,13.73,13.88,13.69,13.86,11.341275,28467200
7/27/16,13.86,13.99,13.75,13.84,11.324911,34625500
7/28/16,12.78,12.86,12.45,12.71,10.400261,142168600
7/29/16,12.61,12.88,12.6,12.66,10.359345,59754100
8/1/16,12.61,12.62,12.4,12.48,10.212057,51963100
8/2/16,12.35,12.36,11.9,11.94,9.770189,101624900
8/3/16,12.02,12.2,11.94,12.13,9.925661,47323300
8/4/16,12.12,12.23,12.05,12.08,9.884748,38443200
8/5/16,12.16,12.26,12.16,12.19,9.974758,31219500
8/8/16,12.22,12.33,12.15,12.18,9.966575,33310600
8/9/16,12.16,12.38,12.15,12.31,10.072951,30097800
8/10/16,12.3,12.36,12.23,12.25,10.023853,24555800
8/11/16,12.31,12.37,12.26,12.31,10.072951,24987300
8/12/16,12.29,12.37,12.25,12.33,10.089317,18816900
8/15/16,12.37,12.44,12.36,12.43,10.171144,16371100
8/16/16,12.35,12.43,12.33,12.34,10.097501,20450100
8/17/16,12.33,12.39,12.23,12.39,10.138412,23434500
8/18/16,12.33,12.36,12.27,12.33,10.089317,23629500
8/19/16,12.3,12.41,12.25,12.39,10.138412,21891400
8/22/16,12.35,12.38,12.29,12.36,10.113865,22458400
8/23/16,12.4,12.43,12.33,12.42,10.162961,34634100
8/24/16,12.41,12.44,12.28,12.3,10.06477,19999600
8/25/16,12.3,12.52,12.21,12.47,10.203876,44713700
8/26/16,12.47,12.55,12.34,12.38,10.130232,22645900
8/29/16,12.38,12.5,12.38,12.47,10.203876,22243200
8/30/16,12.47,12.56,12.43,12.55,10.269337,26040400
8/31/16,12.48,12.61,12.48,12.6,10.310253,26030600
9/1/16,12.66,12.72,12.35,12.44,10.179325,40510400
9/2/16,12.53,12.57,12.46,12.5,10.228423,21079800
9/6/16,12.49,12.67,12.43,12.67,10.367532,36098900
9/7/16,12.62,12.75,12.62,12.7,10.392078,22879100
9/8/16,12.5,12.75,12.5,12.73,10.416627,34017900
9/9/16,12.61,12.69,12.38,12.38,10.130232,35733600
9/12/16,12.32,12.77,12.28,12.7,10.392078,42690200
9/13/16,12.53,12.68,12.33,12.38,10.130232,56549100
9/14/16,12.18,12.31,12.11,12.14,9.933846,62450600
9/15/16,12.14,12.18,12.06,12.11,9.909296,57334800
9/16/16,12.05,12.13,12.01,12.11,9.909296,26271600
9/19/16,12.12,12.33,12.06,12.11,9.909296,41175500
9/20/16,12.09,12.19,11.96,12,9.819285,37820800
9/21/16,12.08,12.11,12.01,12.09,9.892931,32934600
9/22/16,12.17,12.29,12.16,12.18,9.966575,36136200
9/23/16,12.12,12.22,12.12,12.17,9.958391,18993500
9/26/16,12.12,12.12,12,12.01,9.827468,26758600
9/27/16,12.02,12.09,11.93,11.98,9.80292,28965800
9/28/16,12.02,12.09,11.96,12.09,9.892931,29341500
9/29/16,12.03,12.12,11.95,11.97,9.79474,23397400
9/30/16,12,12.14,11.99,12.07,9.876566,34903800
10/3/16,12.06,12.15,12.02,12.1,9.901114,20683100
10/4/16,12.11,12.25,12.09,12.2,9.982942,23948700
10/5/16,12.22,12.53,12.22,12.48,10.212057,55529100
10/6/16,12.43,12.51,12.33,12.39,10.138412,25880900
10/7/16,12.39,12.42,12.2,12.29,10.056584,22093200
10/10/16,12.35,12.38,12.1,12.12,9.917479,24951400
10/11/16,12.17,12.17,11.91,11.99,9.811104,40053500
10/12/16,12,12.01,11.94,11.96,9.786556,20627000
10/13/16,11.91,11.91,11.69,11.91,9.745641,39904200
10/14/16,11.96,12,11.89,11.91,9.745641,25775700
10/17/16,11.91,12,11.88,11.88,9.721093,19875000
10/18/16,11.92,11.93,11.71,11.89,9.729276,39911300
10/19/16,11.89,12.05,11.88,12.01,9.827468,26094000
10/20/16,12.02,12.03,11.9,11.97,9.79474,18116000
10/21/16,11.93,12.04,11.85,12.02,9.835651,24364200
10/24/16,12.06,12.2,12.06,12.19,9.974758,33733600
10/25/16,12.05,12.1,11.76,11.85,9.817348,42486000
10/26/16,11.8,11.93,11.76,11.88,9.842203,36219900
10/27/16,11.81,11.83,11.6,11.74,9.726218,48402000
10/28/16,11.74,11.85,11.63,11.72,9.709649,37142400
10/31/16,11.75,11.81,11.69,11.74,9.726218,31898400
11/1/16,11.78,11.84,11.5,11.61,9.618515,35613600
11/2/16,11.51,11.56,11.36,11.4,9.444539,36229400
11/3/16,11.39,11.46,11.27,11.35,9.403115,38651500
11/4/16,11.31,11.5,11.3,11.34,9.39483,24752400
11/7/16,11.52,11.62,11.39,11.58,9.593664,25120700
11/8/16,11.5,11.51,11.35,11.48,9.510816,28497900
11/9/16,11.15,11.63,11.07,11.58,9.593664,60625700
11/10/16,11.58,11.98,11.58,11.94,9.891912,52756500
11/11/16,11.88,12.4,11.84,12.28,10.17359,79259300
11/14/16,12.27,12.5,12.02,12.06,9.991328,56109900
11/15/16,12.06,12.14,11.95,12.04,9.974759,31498500
11/16/16,12,12.05,11.92,12,9.941619,25195500
11/17/16,11.9,11.96,11.78,11.87,9.833919,38502500
11/18/16,11.87,11.9,11.73,11.76,9.742786,30662000
11/21/16,11.77,11.9,11.77,11.79,9.767641,19508600
11/22/16,11.76,11.91,11.73,11.89,9.850488,24274700
11/23/16,11.9,12,11.85,11.9,9.858771,22414000
11/25/16,11.95,12.06,11.93,12.04,9.974759,11439600
11/28/16,12.02,12.05,11.89,11.92,9.875342,24407200
11/29/16,11.93,12,11.87,11.92,9.875342,23690800
11/30/16,11.97,12.14,11.92,11.96,9.908482,47646200
12/1/16,12.23,12.8,12.18,12.43,10.297861,95143600
12/2/16,12.58,12.58,12.15,12.24,10.140451,38689800
12/5/16,12.31,12.5,12.29,12.44,10.306145,36220000
12/6/16,12.4,12.59,12.37,12.56,10.405562,23923900
12/7/16,12.59,13.15,12.54,13.06,10.819797,58600400
12/8/16,13.07,13.15,12.97,13.03,10.794941,41459500
12/9/16,13,13.2,12.91,13.17,10.91093,45256100
12/12/16,13.08,13.1,12.81,12.82,10.620963,39596800
12/13/16,12.84,12.88,12.75,12.77,10.579541,39570500
12/14/16,12.65,12.79,12.5,12.53,10.380708,42820100
12/15/16,12.54,12.72,12.52,12.58,10.422131,23774800
12/16/16,12.66,12.7,12.56,12.63,10.463554,28354900
12/19/16,12.59,12.8,12.59,12.66,10.488407,22830000
12/20/16,12.7,12.82,12.68,12.78,10.587824,17834000
12/21/16,12.73,12.77,12.64,12.64,10.471839,18117100
12/22/16,12.63,12.64,12.4,12.4,10.273006,27821100
12/23/16,12.43,12.46,12.36,12.46,10.322713,15621200
12/27/16,12.43,12.51,12.36,12.39,10.264721,19467400
12/28/16,12.37,12.45,12.22,12.25,10.148735,26875400
12/29/16,12.25,12.31,12.22,12.23,10.132168,19819100
12/30/16,12.24,12.28,12.08,12.13,10.049319,27405700
1/3/17,12.2,12.6,12.13,12.59,10.430417,40510800
1/4/17,12.77,13.27,12.74,13.17,10.91093,77638100
1/5/17,13.21,13.22,12.63,12.77,10.579541,75628400
1/6/17,12.8,12.84,12.64,12.76,10.571257,40315900
1/9/17,12.79,12.86,12.63,12.63,10.463554,39438400
1/10/17,12.7,13.02,12.66,12.85,10.645819,58703500
1/11/17,12.71,12.72,12.51,12.67,10.496695,49718700
1/12/17,12.66,12.68,12.35,12.59,10.430417,36493300
1/13/17,12.62,12.67,12.5,12.63,10.463554,29197100
1/17/17,12.65,12.73,12.54,12.61,10.446986,49069500
1/18/17,12.43,12.45,12.3,12.41,10.446986,33830800
1/19/17,12.4,12.56,12.34,12.43,10.463822,30135600
1/20/17,12.45,12.48,12.31,12.36,10.404894,29270000
1/23/17,12.35,12.38,12.22,12.31,10.362803,31670700
1/24/17,12.35,12.61,12.34,12.61,10.61535,34625200
1/25/17,12.71,12.8,12.64,12.79,10.766877,46747800
1/26/17,12.65,12.68,12.35,12.37,10.413313,55672800
1/27/17,12.48,12.54,12.38,12.49,10.51433,34613900
1/30/17,12.46,12.46,12.28,12.37,10.413313,39254200
1/31/17,12.31,12.39,12.19,12.36,10.404894,46974500
2/1/17,12.45,12.58,12.22,12.32,10.371222,44396800
2/2/17,12.3,12.37,12.23,12.28,10.337548,29035400
2/3/17,12.42,12.62,12.39,12.56,10.573258,38245300
2/6/17,12.55,12.62,12.46,12.52,10.539585,26916800
2/7/17,12.5,12.52,12.31,12.34,10.388059,32914400
2/8/17,12.34,12.45,12.27,12.38,10.42173,26411400
2/9/17,12.38,12.47,12.35,12.38,10.42173,32924600
2/10/17,12.44,12.51,12.37,12.51,10.531166,32996500
2/13/17,12.54,12.62,12.48,12.56,10.573258,24474000
2/14/17,12.64,12.7,12.59,12.65,10.649021,28355700
2/15/17,12.62,12.64,12.55,12.63,10.632186,25114400
2/16/17,12.61,12.64,12.48,12.54,10.556419,22896500
2/17/17,12.5,12.58,12.42,12.58,10.590094,26407400
2/21/17,12.61,12.72,12.61,12.69,10.682694,29156200
2/22/17,12.66,12.77,12.65,12.67,10.665858,24787500
2/23/17,12.7,12.72,12.55,12.56,10.573258,22520600
2/24/17,12.51,12.51,12.38,12.47,10.497495,40817300
2/27/17,12.49,12.68,12.43,12.66,10.657439,41713100
2/28/17,12.63,12.66,12.45,12.53,10.548004,36089800
3/1/17,12.66,12.75,12.65,12.69,10.682694,36178600
3/2/17,12.72,12.75,12.58,12.66,10.657439,33245100
3/3/17,12.66,12.71,12.53,12.65,10.649021,30429200
3/6/17,12.58,12.6,12.5,12.52,10.539585,28753600
3/7/17,12.51,12.53,12.42,12.46,10.489076,25906900
3/8/17,12.5,12.64,12.46,12.53,10.548004,27327800
3/9/17,12.54,12.54,12.4,12.5,10.522748,29149100
3/10/17,12.55,12.63,12.47,12.53,10.548004,34866100
3/13/17,12.56,12.63,12.5,12.54,10.556419,22625800
3/14/17,12.51,12.56,12.45,12.55,10.564839,26956700
3/15/17,12.56,12.65,12.52,12.65,10.649021,34296200
3/16/17,12.65,12.72,12.59,12.7,10.691113,28954700
3/17/17,12.74,12.74,12.45,12.48,10.505911,54929100
3/20/17,12.48,12.49,12.25,12.28,10.337548,45329700
3/21/17,12.3,12.32,11.7,11.72,9.86613,101559900
3/22/17,11.72,11.83,11.62,11.77,9.908221,71107900
3/23/17,11.57,11.75,11.5,11.67,9.824039,71209300
3/24/17,11.66,11.77,11.55,11.62,9.781947,43772400
3/27/17,11.51,11.55,11.41,11.46,9.647257,57713400
3/28/17,11.51,11.8,11.48,11.65,9.807202,57662800
3/29/17,11.73,11.76,11.64,11.68,9.832458,35795700
3/30/17,11.67,11.74,11.61,11.68,9.832458,28008200
3/31/17,11.66,11.68,11.6,11.64,9.798783,26717500
4/3/17,11.64,11.64,11.28,11.44,9.630419,65671100
4/4/17,11.38,11.48,11.28,11.37,9.571493,40068200
4/5/17,11.48,11.5,11.25,11.26,9.478892,43316100
4/6/17,11.27,11.36,11.22,11.27,9.487311,36165300
4/7/17,11.26,11.31,11.21,11.23,9.453638,28874900
4/10/17,11.26,11.35,11.24,11.25,9.470474,25857100
4/11/17,11.27,11.28,11.17,11.28,9.495728,36366300
4/12/17,11.27,11.3,11.2,11.23,9.453638,56588400
4/13/17,11.22,11.25,11.11,11.11,9.352618,32789900
4/17/17,11.22,11.3,11.14,11.28,9.495728,44731700
4/18/17,11.15,11.18,11.08,11.14,9.504261,35660000
4/19/17,11.19,11.28,11.17,11.19,9.546918,37524400
4/20/17,11.25,11.5,11.24,11.47,9.785804,49990200
4/21/17,11.46,11.48,11.32,11.34,9.674894,26076200
4/24/17,11.48,11.5,11.36,11.43,9.751679,41071300
4/25/17,11.47,11.5,11.43,11.48,9.794335,35862500
4/26/17,11.47,11.7,11.45,11.6,9.896718,51685800
4/27/17,11.66,11.68,11.34,11.47,9.785804,50203700
4/28/17,11.51,11.51,11.4,11.47,9.785804,41415100
5/1/17,11.49,11.54,11.4,11.42,9.743148,32118400
5/2/17,11.3,11.37,10.9,10.92,9.316564,99514700
5/3/17,10.92,11.09,10.91,11.07,9.444539,57290600
5/4/17,11.09,11.11,10.96,11,9.384817,34639800
5/5/17,11.01,11.16,10.98,11.14,9.504261,28926000
5/8/17,11.18,11.24,11.09,11.13,9.495728,35561800
5/9/17,11.14,11.26,11.1,11.16,9.521324,44142900
5/10/17,11.16,11.2,11.03,11.04,9.418943,34989300
5/11/17,11.04,11.07,10.97,11.01,9.393349,29276300
5/12/17,11,11.03,10.9,10.92,9.316564,34264300
5/15/17,10.96,11.03,10.92,10.94,9.333627,27359500
5/16/17,11.06,11.07,10.9,10.94,9.333627,42130200
5/17/17,10.94,10.95,10.67,10.76,9.180058,54670100
5/18/17,10.73,10.82,10.7,10.79,9.205652,37890800
5/19/17,10.81,10.94,10.79,10.87,9.273905,32431700
5/22/17,11.11,11.13,10.98,11.1,9.470135,73335000
5/23/17,11.16,11.17,10.97,11.05,9.427476,40816600
5/24/17,11.06,11.06,10.87,10.96,9.350691,46638800
5/25/17,10.96,10.97,10.76,10.86,9.265374,46269200
5/26/17,10.85,10.95,10.81,10.93,9.325095,28176500
5/30/17,11,11.12,10.99,11.08,9.453071,36082600
5/31/17,11.12,11.13,11,11.12,9.487198,36398700
6/1/17,11.25,11.54,11.1,11.41,9.734614,76707200
6/2/17,11.42,11.43,11.24,11.35,9.683424,45925000
6/5/17,11.36,11.36,11.23,11.25,9.59811,42558600
6/6/17,11.19,11.2,11.05,11.12,9.487198,44543700
6/7/17,11.16,11.19,11.02,11.07,9.444539,37344200
6/8/17,11.07,11.1,10.91,11.1,9.470135,40757400
6/9/17,11.09,11.15,11.01,11.13,9.495728,30285900
6/12/17,11.13,11.36,11.13,11.28,9.623703,38473100
6/13/17,11.32,11.35,11.15,11.27,9.615172,29889300
6/14/17,11.27,11.29,11.06,11.22,9.572513,44367900
6/15/17,11.15,11.29,11.14,11.24,9.589577,28431600
6/16/17,11.24,11.24,11.07,11.22,9.572513,54035400
6/19/17,11.2,11.28,11.18,11.24,9.589577,30540900
6/20/17,11.21,11.22,11.09,11.12,9.487198,31971500
6/21/17,11.15,11.15,11,11.04,9.418943,37002500
6/22/17,11.02,11.18,11,11.13,9.495728,26972800
6/23/17,11.1,11.13,11,11.04,9.418943,45190200
6/26/17,11.06,11.2,11.06,11.18,9.538387,31316800
6/27/17,11.17,11.2,11.06,11.08,9.453071,28491600
6/28/17,11.11,11.17,11.07,11.09,9.4616,31820000
6/29/17,11.13,11.2,11.07,11.17,9.529856,32917000
6/30/17,11.18,11.28,11.16,11.19,9.546918,41075000
7/3/17,11.36,11.69,11.25,11.56,9.862589,43949600
7/5/17,11.51,11.56,11.26,11.3,9.640769,39412200
7/6/17,11.29,11.36,11.17,11.18,9.538387,31936000
7/7/17,11.21,11.28,11.16,11.26,9.606641,20871800
7/10/17,11.24,11.35,11.23,11.34,9.674894,18881300
7/11/17,11.31,11.43,11.3,11.38,9.70902,25914300
7/12/17,11.41,11.62,11.4,11.47,9.785804,33088200
7/13/17,11.46,11.69,11.45,11.6,9.896718,33650800
7/14/17,11.65,11.73,11.6,11.68,9.964971,39792200
7/17/17,11.71,11.75,11.65,11.74,10.016159,24394200
7/18/17,11.72,11.75,11.67,11.75,10.024692,24625200
7/19/17,11.76,11.83,11.74,11.83,10.092944,26225900
7/20/17,11.69,11.78,11.66,11.7,10.110225,30315100
7/21/17,11.59,11.62,11.46,11.53,9.963326,27630600
7/24/17,11.51,11.55,11.27,11.29,9.755938,48123400
7/25/17,11.3,11.38,11.22,11.27,9.738655,52854300
7/26/17,11.14,11.16,10.95,11.06,9.557189,72271700
7/27/17,11.08,11.2,11.03,11.18,9.660884,38687500
7/28/17,11.15,11.22,11.06,11.17,9.652243,24864100
7/31/17,11.16,11.23,11.13,11.22,9.695449,39548600
8/1/17,11.11,11.15,10.87,10.95,9.462135,65140100
8/2/17,10.98,11.03,10.93,11,9.505342,30890500
8/3/17,11.01,11.05,10.92,10.93,9.444852,20309300
8/4/17,10.9,10.99,10.78,10.95,9.462135,29267600
8/7/17,10.94,10.98,10.9,10.92,9.43621,35013000
8/8/17,10.95,11,10.88,10.89,9.410288,26322100
8/9/17,10.88,10.95,10.83,10.92,9.43621,32155900
8/10/17,10.88,10.91,10.77,10.77,9.306593,31903800
8/11/17,10.79,10.84,10.76,10.77,9.306593,32300100
8/14/17,10.82,10.95,10.79,10.91,9.42757,26413500
8/15/17,10.92,11,10.84,10.84,9.367082,29266300
8/16/17,10.86,10.9,10.78,10.8,9.332518,28316300
8/17/17,10.79,10.8,10.6,10.64,9.194258,35518800
8/18/17,10.62,10.63,10.47,10.56,9.125129,43998700
8/21/17,10.53,10.66,10.52,10.57,9.13377,30152500
8/22/17,10.61,10.73,10.61,10.65,9.202899,28676100
8/23/17,10.61,10.78,10.59,10.71,9.254746,35405800
8/24/17,10.75,10.8,10.69,10.71,9.254746,33584400
8/25/17,10.77,10.88,10.76,10.82,9.349798,35926800
8/28/17,10.86,10.88,10.73,10.79,9.323877,22307400
8/29/17,10.75,10.89,10.73,10.84,9.367082,29807300
8/30/17,10.82,10.94,10.77,10.94,9.453493,23629300
8/31/17,10.97,11.2,10.95,11.03,9.531265,54208900
9/1/17,11.18,11.43,11.14,11.35,9.807784,64560300
9/5/17,11.36,11.39,11.24,11.36,9.816424,44000200
9/6/17,11.39,11.53,11.39,11.5,9.937402,43279000
9/7/17,11.52,11.52,11.33,11.4,9.850988,30271000
9/8/17,11.34,11.39,11.29,11.36,9.816424,26633900
9/11/17,11.4,11.45,11.38,11.41,9.859632,43375000
9/12/17,11.43,11.67,11.39,11.59,10.015174,41386700
9/13/17,11.6,11.63,11.52,11.62,10.041096,23302200
9/14/17,11.6,11.68,11.48,11.56,9.989249,31696300
9/15/17,11.54,11.63,11.49,11.62,10.041096,30865500
9/18/17,11.63,11.73,11.6,11.63,10.049739,25132400
9/19/17,11.63,11.74,11.62,11.72,10.127509,26392900
9/20/17,11.68,11.8,11.64,11.71,10.118868,26705300
9/21/17,11.71,11.82,11.69,11.72,10.127509,40319400
9/22/17,11.74,11.87,11.72,11.84,10.231205,30196500
9/25/17,11.88,12.06,11.84,11.94,10.317616,40766000
9/26/17,11.95,12,11.9,11.93,10.308974,30646700
9/27/17,11.98,12.02,11.86,11.95,10.326257,28412200
9/28/17,11.95,11.99,11.9,11.96,10.334899,23105700
9/29/17,11.97,12.02,11.92,11.97,10.343539,31227500
10/2/17,12,12.09,11.97,12.09,10.447234,36020000
10/3/17,12.32,12.43,12.22,12.34,10.663265,65641700
10/4/17,12.33,12.46,12.28,12.3,10.628701,52909800
10/5/17,12.34,12.36,12.15,12.25,10.585494,48145800
10/6/17,12.2,12.33,12.19,12.31,10.637342,35091800
10/9/17,12.33,12.41,12.25,12.34,10.663265,28924800
10/10/17,12.34,12.42,12.25,12.39,10.706471,40586200
10/11/17,12.38,12.43,12.31,12.38,10.69783,34953400
10/12/17,12.3,12.32,12.11,12.12,10.473159,45924400
10/13/17,12.06,12.17,11.87,12.05,10.41267,44597300
10/16/17,11.99,12.15,11.96,12.12,10.473159,32349700
10/17/17,12.13,12.31,12.12,12.27,10.602777,55273200
10/18/17,12.28,12.35,12.17,12.19,10.533646,30783700
10/19/17,12.14,12.25,12.05,12.23,10.568211,29678200
10/20/17,12.12,12.14,12,12.1,10.585709,28171700
10/23/17,12.11,12.19,12.04,12.04,10.533218,21504800
10/24/17,12.11,12.26,12.09,12.19,10.664444,34651200
10/25/17,12.15,12.15,11.97,12.04,10.533218,47674800
10/26/17,12.2,12.34,12.06,12.27,10.734434,49003100
10/27/17,12.23,12.24,12.01,12.06,10.550715,33925400
10/30/17,12.01,12.15,11.95,12.1,10.585709,36457400
10/31/17,12.15,12.3,12.13,12.27,10.734434,42010200
11/1/17,12.4,12.47,12.28,12.35,10.804421,43495800
11/2/17,12.33,12.43,12.26,12.42,10.865661,40923400
11/3/17,12.41,12.46,12.32,12.36,10.81317,33220300
11/6/17,12.36,12.43,12.3,12.33,10.786924,20178500
11/7/17,12.35,12.38,12.11,12.16,10.638199,41536300
11/8/17,12.14,12.16,12.01,12.06,10.550715,34127500
11/9/17,12.01,12.05,11.93,12.04,10.533218,26257300
11/10/17,12,12.09,11.98,12.01,10.506972,35298400
11/13/17,12.01,12.22,11.97,12.16,10.638199,30415900
11/14/17,12.1,12.16,11.99,12.02,10.51572,25893400
11/15/17,11.97,12.03,11.87,12,10.498224,28441300
11/16/17,12,12.05,11.93,12.04,10.533218,28269000
11/17/17,12.02,12.06,11.99,12.01,10.506972,31117700
11/20/17,12.03,12.15,12.02,12.13,10.611954,32352000
11/21/17,12.14,12.23,12.12,12.12,10.603207,28510300
11/22/17,12.11,12.15,12.05,12.07,10.559464,36184000
11/24/17,12.1,12.15,12.03,12.1,10.585709,9549600
11/27/17,12.09,12.19,12.06,12.11,10.594456,28525200
11/28/17,12.15,12.24,12.08,12.21,10.681942,33199300
11/29/17,12.24,12.57,12.23,12.56,10.988141,64866000
11/30/17,12.53,12.65,12.42,12.52,10.953147,49224200
12/1/17,12.62,12.7,12.35,12.58,11.005637,52458700
12/4/17,12.65,12.81,12.59,12.63,11.049379,39558900
12/5/17,12.42,12.62,12.4,12.43,10.874409,45527200
12/6/17,12.37,12.43,12.28,12.38,10.830667,28453800
12/7/17,12.58,12.59,12.33,12.53,10.961896,25417100
12/8/17,12.53,12.61,12.43,12.61,11.031882,21981900
12/11/17,12.57,12.63,12.51,12.58,11.005637,44194600
12/12/17,12.56,12.64,12.51,12.6,11.023134,54370600
12/13/17,12.61,12.73,12.59,12.63,11.049379,31859000
12/14/17,12.65,12.69,12.41,12.46,10.900655,37074000
12/15/17,12.51,12.66,12.5,12.58,11.005637,48655500
12/18/17,12.66,12.75,12.61,12.66,11.075624,25022700
12/19/17,12.71,12.78,12.66,12.69,11.10187,23056900
12/20/17,12.72,12.75,12.65,12.72,11.128116,18989400
12/21/17,12.74,12.77,12.63,12.63,11.049379,21004700
12/22/17,12.66,12.66,12.56,12.58,11.005637,17876200
12/26/17,12.57,12.65,12.55,12.6,11.023134,11664600
12/27/17,12.57,12.58,12.45,12.5,10.935649,17005600
12/28/17,12.48,12.58,12.47,12.58,11.005637,14793500
12/29/17,12.58,12.61,12.49,12.49,10.9269,18362500
1/2/18,12.52,12.66,12.5,12.66,11.075624,20773300
1/3/18,12.68,12.8,12.67,12.76,11.163113,29765600
1/4/18,12.78,13.04,12.77,12.98,11.355577,37478200
1/5/18,13.06,13.22,13.04,13.2,11.548045,46121900
1/8/18,13.21,13.22,13.11,13.15,11.504302,33828300
1/9/18,13.18,13.22,13.08,13.08,11.443064,27924100
1/10/18,13.06,13.14,12.96,13.03,11.39932,56517100
1/11/18,13.02,13.2,13,13.16,11.513051,28342300
1/12/18,13.1,13.29,13.1,13.23,11.57429,56979200
1/16/18,13.31,13.48,13.01,13.1,11.460561,53961400
1/17/18,12.58,12.58,12.1,12.18,10.655697,132412500
1/18/18,12.18,12.2,12.02,12.07,10.559464,66541700
1/19/18,12.12,12.12,11.91,12,10.498224,51303700
1/22/18,12.02,12.08,11.9,12.02,10.51572,52851900
1/23/18,12.03,12.03,11.9,11.96,10.463229,51831000
1/24/18,12,12.09,11.92,12.05,10.541966,63300500
1/25/18,11.93,11.93,11.44,11.57,10.122037,114886800
1/26/18,11.59,11.7,11.5,11.65,10.192024,52496000
1/29/18,11.42,11.47,11.11,11.12,9.967925,55114000
1/30/18,11.09,11.23,11.05,11.06,9.914143,52068200
1/31/18,11.09,11.12,10.9,10.97,9.833467,57644600
2/1/18,10.95,11,10.85,10.92,9.788646,41352200
2/2/18,10.88,10.88,10.62,10.71,9.600404,72312900
2/5/18,10.78,10.8,10.24,10.24,9.179096,96757000
2/6/18,10.27,10.79,10.19,10.76,9.645223,139938100
2/7/18,10.75,11.04,10.7,10.76,9.645223,68041800
2/8/18,10.79,10.86,10.42,10.43,9.349413,73990700
2/9/18,10.57,10.64,10.24,10.53,9.439053,72103600
2/12/18,10.67,10.82,10.54,10.7,9.591439,49068900
2/13/18,10.63,10.69,10.53,10.59,9.492835,36884500
2/14/18,10.55,10.75,10.5,10.74,9.627295,27844300
2/15/18,10.8,10.8,10.64,10.76,9.645223,28208300
2/16/18,10.7,10.82,10.52,10.61,9.510763,41041800
2/20/18,10.58,10.67,10.55,10.63,9.528692,27617900
2/21/18,10.65,10.75,10.59,10.6,9.501801,36037700
2/22/18,10.6,10.73,10.56,10.63,9.528692,25409600
2/23/18,10.67,10.71,10.62,10.7,9.591439,21786800
2/26/18,10.74,10.95,10.7,10.89,9.761755,27157800
2/27/18,10.93,10.99,10.6,10.61,9.510763,43502000
2/28/18,10.68,10.79,10.57,10.61,9.510763,41321400
3/1/18,10.65,10.69,10.2,10.29,9.223918,75841400
3/2/18,10.24,10.42,10.14,10.4,9.322519,60491900
3/5/18,10.31,10.63,10.3,10.58,9.483871,44021300
3/6/18,10.65,10.68,10.47,10.63,9.528692,30978900
3/7/18,10.51,10.64,10.43,10.63,9.528692,30046600
3/8/18,10.65,10.68,10.48,10.61,9.510763,26948000
3/9/18,10.63,10.73,10.57,10.73,9.61833,26684400
3/12/18,10.69,10.85,10.68,10.81,9.690043,33800900
3/13/18,10.84,10.98,10.73,10.78,9.663151,44456800
3/14/18,11.25,11.44,11.01,11.02,9.878286,91985300
3/15/18,11.05,11.25,10.95,11.07,9.923106,47645300
3/16/18,11.12,11.22,11.06,11.15,9.994818,80684200
3/19/18,11.15,11.17,10.87,11.01,9.869324,63122500
3/20/18,11.05,11.13,10.97,10.99,9.851393,45612800
3/21/18,11,11.19,10.93,11.1,9.949997,38551000
3/22/18,11,11.06,10.73,10.75,9.636259,51280900
3/23/18,10.79,10.81,10.51,10.56,9.465944,39950900
3/26/18,10.74,10.87,10.68,10.83,9.707972,52325500
3/27/18,10.85,10.92,10.72,10.83,9.707972,40677300
3/28/18,10.83,10.95,10.73,10.86,9.734862,42263700
3/29/18,10.93,11.13,10.92,11.08,9.932069,39864000
4/2/18,11.06,11.09,10.7,10.86,9.734862,43598100
4/3/18,11.01,11.18,10.9,11.15,9.994818,42523900
4/4/18,10.87,11.36,10.8,11.33,10.156169,44834600
4/5/18,11.34,11.38,11.23,11.35,10.174098,28755600
4/6/18,11.28,11.35,11.07,11.18,10.02171,31920700
4/9/18,11.25,11.38,11.2,11.25,10.084456,36462700
4/10/18,11.44,11.55,11.41,11.45,10.263736,43144300
4/11/18,11.38,11.49,11.3,11.43,10.245809,32979000
4/12/18,11.5,11.54,11.25,11.31,10.138242,47133700
4/13/18,11.35,11.39,11.23,11.28,10.111348,34598800
4/16/18,11.36,11.45,11.27,11.38,10.200989,32803300
4/17/18,11.43,11.45,11.3,11.38,10.200989,30906800
4/18/18,11.38,11.48,11.3,11.33,10.156169,46226100
4/19/18,11.18,11.25,10.85,10.96,9.956316,49154200
4/20/18,11.01,11.03,10.78,10.82,9.829137,44930000
4/23/18,10.84,11.04,10.83,11.04,10.02899,31936500
4/24/18,11.05,11.17,10.93,10.96,9.956316,39625000
4/25/18,10.96,11.16,10.87,11.11,10.092579,40356100
4/26/18,11.42,11.53,11.29,11.43,10.383274,80676800
4/27/18,11.4,11.56,11.38,11.49,10.437779,33375900
4/30/18,11.53,11.73,11.22,11.24,10.210674,66090900
5/1/18,11.25,11.35,11.1,11.26,10.228844,61430400
5/2/18,11.26,11.27,11.12,11.21,10.183421,41899500
5/3/18,11.17,11.21,10.97,11.2,10.174339,38907400
5/4/18,11.16,11.41,11.09,11.36,10.319684,32043500
5/7/18,11.36,11.44,11.31,11.34,10.301517,27510300
5/8/18,11.32,11.37,11.24,11.27,10.237928,25754100
5/9/18,11.21,11.28,11.02,11.06,10.047158,43732000
5/10/18,11.04,11.25,11.02,11.21,10.183421,32023800
5/11/18,11.22,11.25,11.16,11.19,10.165253,19837700
5/14/18,11.23,11.29,11.17,11.18,10.15617,27903100
5/15/18,11.1,11.25,11.06,11.22,10.192507,26950100
5/16/18,11.21,11.4,11.2,11.4,10.356022,28976700
5/17/18,11.4,11.48,11.38,11.46,10.410527,20741100
5/18/18,11.44,11.47,11.3,11.33,10.292432,23893700
5/21/18,11.42,11.55,11.39,11.51,10.455948,31011900
5/22/18,11.58,11.64,11.51,11.52,10.465034,22360900
5/23/18,11.5,11.55,11.33,11.44,10.392358,23595000
5/24/18,11.45,11.65,11.44,11.62,10.555875,34876300
5/25/18,11.56,11.61,11.47,11.51,10.455948,19337500
5/29/18,11.6,11.62,11.36,11.44,10.392358,31324300
5/30/18,11.53,11.61,11.47,11.55,10.492286,25554600
5/31/18,11.65,11.74,11.36,11.55,10.492286,61563200
6/1/18,11.67,11.77,11.61,11.71,10.637633,35406200
6/4/18,11.74,11.79,11.69,11.74,10.664886,25141300
6/5/18,11.74,11.87,11.68,11.83,10.746644,31036700
6/6/18,11.87,12,11.82,11.97,10.873824,31110500
6/7/18,11.97,12.15,11.96,12.03,10.928328,47314100
6/8/18,12.04,12.12,12,12.1,10.991919,28371900
6/11/18,12.1,12.15,12.02,12.03,10.928328,30398100
6/12/18,12.07,12.15,12.03,12.11,11.001002,51395400
6/13/18,12.1,12.1,11.96,12.02,10.919246,28406700
6/14/18,12,12.01,11.84,11.89,10.80115,34523000
6/15/18,11.84,12.03,11.8,11.88,10.792065,56326800
6/18/18,11.82,12.04,11.81,11.99,10.891993,32706500
6/19/18,11.82,11.89,11.67,11.89,10.80115,40064800
6/20/18,11.97,12.05,11.83,11.87,10.782981,31964800
6/21/18,11.8,11.83,11.64,11.71,10.637633,33316700
6/22/18,11.75,11.87,11.62,11.65,10.583127,36703500
6/25/18,11.63,11.67,11.38,11.5,10.446865,36101900
6/26/18,11.56,11.63,11.49,11.52,10.465034,36627700
6/27/18,11.54,11.64,11.4,11.42,10.374191,27242000
6/28/18,11.37,11.4,11.15,11.28,10.247011,43836400
6/29/18,11.32,11.37,11.03,11.07,10.056243,44718500
7/2/18,11.02,11.11,10.91,11.1,10.083495,37892800
7/3/18,11.1,11.15,10.94,10.99,9.983567,16544800
7/5/18,11.1,11.14,11.02,11.05,10.038074,32008500
7/6/18,11.04,11.1,10.92,11.06,10.047158,25646700
7/9/18,11.1,11.26,11.03,11.2,10.174339,23916800
7/10/18,11.2,11.26,11.17,11.25,10.219759,21231500
7/11/18,11.15,11.17,11.05,11.07,10.056243,30030100
7/12/18,11.1,11.14,11,11.05,10.038074,27025200
7/13/18,11.02,11.05,10.91,10.98,9.974484,36561500
7/16/18,10.95,10.97,10.76,10.85,9.85639,46156800
7/17/18,10.8,10.9,10.8,10.86,9.865473,37584300
7/18/18,10.85,10.9,10.81,10.87,9.874557,36420000
7/19/18,10.89,10.9,10.77,10.82,9.829137,40308800
7/20/18,10.68,10.72,10.51,10.56,9.727807,41531200
7/23/18,10.56,10.57,10.42,10.47,9.644897,34942000
7/24/18,10.51,10.74,10.5,10.57,9.737016,47303000
7/25/18,10.32,10.57,10.12,10.52,9.690958,92497700
7/26/18,10.14,10.16,9.84,9.89,9.110607,103893000
7/27/18,9.96,10.05,9.91,9.93,9.147454,46171100
7/30/18,9.96,10.1,9.93,10.07,9.276422,35877000
7/31/18,10.11,10.11,10,10.04,9.248784,38026900
8/1/18,10.06,10.08,9.82,9.9,9.119817,44126700
8/2/18,9.9,9.98,9.84,9.92,9.138242,40318900
8/3/18,9.93,10.06,9.93,10.04,9.248784,25925100
8/6/18,10,10.05,9.97,10.03,9.239573,22247900
8/7/18,10.04,10.1,10.02,10.08,9.285632,27961200
8/8/18,10.05,10.1,10.04,10.05,9.257997,22600900
8/9/18,10.06,10.07,9.9,9.91,9.129029,35682600
8/10/18,9.91,9.91,9.72,9.74,8.972426,39180500
8/13/18,9.74,9.75,9.42,9.46,8.714492,66586200
8/14/18,9.51,9.62,9.45,9.5,8.751341,37657400
8/15/18,9.46,9.5,9.35,9.45,8.705279,36298600
8/16/18,9.5,9.6,9.49,9.51,8.760552,28857700
8/17/18,9.53,9.6,9.46,9.55,8.7974,32742900
8/20/18,9.56,9.74,9.56,9.72,8.954002,25252500
8/21/18,9.77,9.9,9.69,9.86,9.08297,46413900
8/22/18,9.79,9.82,9.68,9.69,8.926366,30803700
8/23/18,9.67,9.69,9.58,9.63,8.871096,31511800
8/24/18,9.65,9.7,9.61,9.68,8.917155,18380000
8/27/18,9.75,10.04,9.73,9.99,9.202725,49769300
8/28/18,10.08,10.09,9.95,10.01,9.221148,33845500
8/29/18,10.01,10.02,9.9,9.97,9.1843,37336400
8/30/18,9.87,9.91,9.67,9.7,8.935578,48539300
8/31/18,9.64,9.68,9.4,9.48,8.732916,76424900
9/4/18,9.53,9.58,9.36,9.47,8.723705,54111100
9/5/18,9.47,9.55,9.32,9.49,8.742127,44561900
9/6/18,9.48,9.55,9.4,9.43,8.686858,29519100
9/7/18,9.41,9.49,9.25,9.27,8.539466,51229900
9/10/18,9.31,9.49,9.3,9.38,8.640797,30421700
9/11/18,9.35,9.36,9.22,9.31,8.576314,27158400
9/12/18,9.31,9.42,9.28,9.34,8.60395,25450000
9/13/18,9.38,9.41,9.31,9.37,8.631584,29315700
9/14/18,9.38,9.48,9.36,9.45,8.705279,30013300
9/17/18,9.44,9.6,9.43,9.55,8.7974,29544400
9/18/18,9.54,9.61,9.48,9.58,8.825035,57055400
9/19/18,9.61,9.83,9.61,9.78,9.009274,40111500
9/20/18,9.83,9.93,9.71,9.81,9.03691,46314400
9/21/18,9.84,9.94,9.78,9.85,9.073758,74488600
9/24/18,9.78,9.85,9.52,9.59,8.834248,43170800
9/25/18,9.53,9.56,9.37,9.39,8.650009,44406100
9/26/18,9.38,9.41,9.27,9.27,8.539466,58597500
9/27/18,9.3,9.33,9.2,9.23,8.502617,57272200
9/28/18,9.22,9.28,9.09,9.25,8.521042,30987200
10/1/18,9.43,9.44,9.3,9.32,8.585526,44864700
10/2/18,9.27,9.34,9.18,9.2,8.474982,41806400
10/3/18,9.27,9.31,9.13,9.13,8.410499,47023100
10/4/18,9.13,9.22,9.09,9.15,8.428923,38889600
10/5/18,9.15,9.22,9.1,9.12,8.401285,36952200
10/8/18,9.1,9.28,9.09,9.26,8.530253,43657700
10/9/18,9.23,9.31,8.95,8.95,8.244683,58356900
10/10/18,8.95,8.98,8.81,8.82,8.124928,54104100
10/11/18,8.82,8.99,8.76,8.81,8.115717,66170800
10/12/18,8.95,8.95,8.55,8.64,7.959114,59308500
10/15/18,8.67,8.85,8.66,8.81,8.115717,40183200
10/16/18,8.87,8.89,8.73,8.8,8.106503,36772000
10/17/18,8.8,8.86,8.64,8.76,8.069658,48795100
10/18/18,8.74,8.76,8.5,8.51,7.839359,59669200
10/19/18,8.32,8.53,8.19,8.5,7.830146,59831100
10/22/18,8.38,8.45,8.27,8.41,7.886411,39803500
10/23/18,8.3,8.64,8.23,8.59,8.055205,55443300
10/24/18,8.5,8.6,8.17,8.18,7.67073,58895100
10/25/18,8.52,9,8.46,8.99,8.430302,90399200
10/26/18,8.96,9.06,8.86,8.98,8.420924,100639800
10/29/18,9.36,9.59,9.17,9.28,8.702247,92275100
10/30/18,9.31,9.56,9.27,9.46,8.87104,58062000
10/31/18,9.62,9.67,9.43,9.55,8.955438,68507100
11/1/18,9.54,9.55,9.26,9.29,8.711624,59794400
11/2/18,9.36,9.45,9.26,9.38,8.796021,48499200
11/5/18,9.38,9.57,9.35,9.53,8.936682,41274300
11/6/18,9.46,9.57,9.41,9.54,8.946061,40928600
11/7/18,9.6,9.6,9.45,9.6,9.002325,37347400
11/8/18,9.58,9.65,9.44,9.46,8.87104,55810100
11/9/18,9.38,9.8,9.27,9.38,8.796021,52203600
11/12/18,9.38,9.58,9.37,9.49,8.899172,36317200
11/13/18,9.53,9.67,9.47,9.54,8.946061,33098000
11/14/18,9.63,9.67,9.43,9.54,8.946061,46677600
11/15/18,9.5,9.53,9.12,9.31,8.73038,57170100
11/16/18,9.28,9.31,8.98,9.05,8.486567,54582500
11/19/18,9.02,9.36,8.96,9.25,8.674114,56292500
11/20/18,9.1,9.22,9.01,9.06,8.495944,35159900
11/21/18,9.05,9.2,8.98,9.11,8.542831,25882700
11/23/18,9.07,9.22,9.03,9.13,8.561585,13520800
11/26/18,9.23,9.53,9.17,9.4,8.814775,46304400
11/27/18,9.37,9.43,9.25,9.28,8.702247,34283200
11/28/18,9.27,9.44,9.17,9.41,8.824154,33199500
11/29/18,9.37,9.44,9.26,9.37,8.786644,29207600
11/30/18,9.37,9.48,9.36,9.41,8.824154,36269500
12/3/18,9.71,9.85,9.6,9.6,9.002325,64668600
12/4/18,9.55,9.6,9.18,9.18,8.608473,57930300
12/6/18,9.12,9.12,8.92,9.02,8.458434,53963600
12/7/18,9.02,9.13,8.8,8.82,8.270885,43534800
12/10/18,8.83,8.85,8.38,8.52,7.989563,56499700
12/11/18,8.72,8.8,8.5,8.54,8.008317,42294500
12/12/18,8.64,8.73,8.59,8.64,8.102092,40602700
12/13/18,8.67,8.7,8.46,8.5,7.970808,34200400
12/14/18,8.52,8.68,8.46,8.52,7.989563,35613300
12/17/18,8.48,8.72,8.41,8.5,7.970808,44469900
12/18/18,8.55,8.68,8.41,8.47,7.942676,38263000
12/19/18,8.46,8.65,8.27,8.32,7.802013,75272900
12/20/18,8.33,8.42,8.18,8.26,7.74575,58926200
12/21/18,8.22,8.4,8.04,8.05,7.548824,57542300
12/24/18,8.01,8.01,7.61,7.63,7.154973,38709500
12/26/18,7.73,7.86,7.41,7.85,7.361276,58810000
12/27/18,7.82,7.85,7.53,7.85,7.361276,49813000
12/28/18,7.83,8.04,7.76,7.81,7.323766,47331700
12/31/18,7.85,7.86,7.5,7.65,7.173728,57816000
1/2/19,7.53,8.02,7.48,7.9,7.408163,47494400
1/3/19,7.97,7.99,7.78,7.78,7.295634,39172400
1/4/19,7.91,8.12,7.85,8.08,7.576956,43039800
1/7/19,8.11,8.37,8.03,8.29,7.773882,40729400
1/8/19,8.42,8.54,8.35,8.37,7.848901,45644000
1/9/19,8.45,8.77,8.36,8.72,8.177113,48404900
1/10/19,8.71,8.77,8.45,8.67,8.130224,39490400
1/11/19,8.77,8.93,8.7,8.82,8.270885,41559900
1/14/19,8.8,9.06,8.76,8.99,8.430302,44833800
1/15/19,9.02,9.03,8.75,8.84,8.28964,65311700
1/16/19,8.68,8.77,8.26,8.29,7.773882,73869900
1/17/19,8.27,8.44,8.21,8.36,7.839523,56722600
1/18/19,8.39,8.6,8.33,8.58,8.045827,51127900
1/22/19,8.54,8.61,8.46,8.5,7.970808,47182600
1/23/19,8.54,8.54,8.28,8.34,7.820769,45196900
1/24/19,8.32,8.68,8.22,8.6,8.064583,79516400
1/25/19,8.74,8.96,8.73,8.86,8.308394,53098800
1/28/19,8.8,8.8,8.58,8.66,8.120846,42116300
1/29/19,8.71,8.79,8.62,8.76,8.214621,30485000
1/30/19,8.66,8.72,8.52,8.71,8.310028,29906100
1/31/19,8.62,8.82,8.6,8.8,8.395895,39389100
2/1/19,8.77,8.81,8.62,8.72,8.319571,34124000
2/4/19,8.7,8.7,8.59,8.7,8.300488,28855600
2/5/19,8.68,8.76,8.65,8.75,8.348191,26166800
2/6/19,8.79,8.9,8.68,8.72,8.319571,32644300
2/7/19,8.62,8.62,8.29,8.31,7.928398,55161800
2/8/19,8.29,8.41,8.16,8.39,8.004724,38650100
2/11/19,8.41,8.44,8.29,8.33,7.947478,27403500
2/12/19,8.38,8.47,8.38,8.46,8.071509,26235100
2/13/19,8.45,8.66,8.39,8.41,8.023805,27182900
2/14/19,8.38,8.47,8.32,8.42,8.033346,23569900
2/15/19,8.49,8.56,8.41,8.54,8.147835,58080300
2/19/19,8.53,8.85,8.53,8.83,8.424519,37929200
2/20/19,8.83,8.98,8.82,8.94,8.529467,55316900
2/21/19,8.94,8.96,8.7,8.71,8.310028,44730400
2/22/19,8.73,8.75,8.56,8.71,8.310028,40947500
2/25/19,8.77,8.85,8.75,8.76,8.357733,56615400
2/26/19,8.75,8.94,8.72,8.88,8.472222,38348800
2/27/19,8.83,8.91,8.78,8.78,8.376814,34093300
2/28/19,8.77,8.79,8.6,8.77,8.367274,43960500
3/1/19,8.85,8.89,8.71,8.79,8.386355,37699500
3/4/19,8.83,8.97,8.76,8.81,8.405437,46196900
3/5/19,8.8,8.81,8.7,8.77,8.367274,40852600
3/6/19,8.75,8.78,8.56,8.58,8.185998,50378600
3/7/19,8.56,8.57,8.35,8.48,8.09059,54286000
3/8/19,8.4,8.47,8.34,8.42,8.033346,43766800
3/11/19,8.46,8.63,8.45,8.61,8.214621,36875300
3/12/19,8.65,8.7,8.55,8.57,8.176457,37805000
3/13/19,8.59,8.65,8.5,8.53,8.138294,49018700
3/14/19,8.52,8.55,8.4,8.41,8.023805,36307900
3/15/19,8.42,8.47,8.37,8.43,8.042887,66555500
3/18/19,8.45,8.57,8.42,8.57,8.176457,37198300
3/19/19,8.61,8.87,8.61,8.7,8.300488,57293600
3/20/19,8.67,8.67,8.48,8.51,8.119214,54539700
3/21/19,8.5,8.69,8.49,8.69,8.290947,46843100
3/22/19,8.63,8.67,8.52,8.54,8.147835,41964000
3/25/19,8.56,8.65,8.47,8.51,8.119214,45849500
3/26/19,8.54,8.76,8.54,8.76,8.357733,47852100
3/27/19,8.75,8.86,8.62,8.62,8.224162,39895800
3/28/19,8.65,8.83,8.64,8.77,8.367274,38914700
3/29/19,8.8,8.89,8.71,8.78,8.376814,33962800
4/1/19,8.86,9,8.86,8.98,8.56763,45653100
4/2/19,8.95,9.03,8.91,9.01,8.596251,30699400
4/3/19,9.07,9.27,9.06,9.13,8.710742,56663600
4/4/19,9.21,9.3,9.18,9.24,8.815691,39483100
4/5/19,9.17,9.27,9.08,9.25,8.825232,37854700
4/8/19,9.18,9.32,9.17,9.3,8.872935,26221100
4/9/19,9.27,9.36,9.17,9.21,8.787068,29879100
4/10/19,9.23,9.35,9.2,9.33,8.901558,28469500
4/11/19,9.35,9.41,9.33,9.39,8.958802,26488100
4/12/19,9.47,9.6,9.44,9.45,9.016047,38646000
4/15/19,9.48,9.5,9.26,9.33,8.901558,41206700
4/16/19,9.32,9.4,9.24,9.36,8.93018,40950000
4/17/19,9.4,9.58,9.39,9.5,9.063751,30688300
4/18/19,9.52,9.62,9.48,9.55,9.111456,29843000
4/22/19,9.58,9.58,9.46,9.5,9.063751,38718500
4/23/19,9.36,9.51,9.3,9.5,9.209159,39493700
4/24/19,9.45,9.61,9.4,9.57,9.277015,39796300
4/25/19,9.52,9.53,9.34,9.4,9.11222,52596700
4/26/19,10.03,10.45,9.95,10.41,10.091299,156136700
4/29/19,10.36,10.39,10.07,10.32,10.004054,62500500
4/30/19,10.29,10.5,10.27,10.45,10.130075,46079300
5/1/19,10.48,10.5,10.29,10.3,9.984667,41805500
5/2/19,10.3,10.35,10.2,10.34,10.023443,34508400
5/3/19,10.37,10.45,10.3,10.41,10.091299,36291200
5/6/19,10.12,10.42,10.12,10.37,10.052524,28640600
5/7/19,10.33,10.41,10.3,10.38,10.062218,41154500
5/8/19,10.38,10.45,10.31,10.34,10.023443,33472200
5/9/19,10.26,10.3,10.07,10.2,9.887728,43621300
5/10/19,10.32,10.41,10.2,10.38,10.062218,37629500
5/13/19,10.17,10.26,10.04,10.08,9.771402,51102100
5/14/19,10.15,10.29,10.13,10.24,9.926504,31297200
5/15/19,10.21,10.4,10.04,10.36,10.04283,44050200
5/16/19,10.3,10.44,10.3,10.4,10.081605,32697000
5/17/19,10.32,10.44,10.24,10.29,9.974974,34565400
5/20/19,10.3,10.3,10.2,10.28,9.965279,29535900
5/21/19,10.31,10.31,10.15,10.24,9.926504,30099300
5/22/19,10.17,10.21,9.93,9.97,9.66477,51407200
5/23/19,9.85,9.85,9.67,9.85,9.548445,43153800
5/24/19,9.92,9.95,9.8,9.83,9.529056,22131500
5/28/19,9.87,9.9,9.77,9.78,9.480586,27656200
5/29/19,9.69,9.75,9.55,9.71,9.412729,32262600
5/30/19,9.74,9.84,9.68,9.74,9.441812,24759600
5/31/19,9.48,9.54,9.32,9.52,9.228547,48250400
6/3/19,9.62,9.65,9.46,9.61,9.31579,39446800
6/4/19,9.73,9.95,9.72,9.92,9.616301,37324100
6/5/19,9.87,9.92,9.65,9.78,9.480586,42464800
6/6/19,9.72,9.82,9.66,9.75,9.451506,28291100
6/7/19,9.76,9.82,9.7,9.76,9.461199,18848700
6/10/19,9.89,10.03,9.76,9.82,9.519361,33883400
6/11/19,9.87,9.98,9.79,9.92,9.616301,26434200
6/12/19,9.9,9.93,9.84,9.85,9.548445,21746700
6/13/19,9.87,10.06,9.8,10.06,9.752014,25555900
6/14/19,10.01,10.04,9.94,9.98,9.674463,21553200
6/17/19,9.99,10.09,9.94,10.05,9.74232,19383800
6/18/19,10.08,10.2,10.05,10.1,9.79079,32591700
6/19/19,10.15,10.18,10.03,10.04,9.732627,29051300
6/20/19,10.13,10.15,9.95,10.04,9.732627,32086500
6/21/19,10.03,10.05,9.91,9.99,9.684157,47904000
6/24/19,9.95,10.02,9.93,9.95,9.645382,28091200
6/25/19,9.97,9.99,9.83,9.84,9.53875,28682000
6/26/19,9.87,9.96,9.82,9.91,9.606606,33739100
6/27/19,10.04,10.24,10,10.2,9.887728,42954600
6/28/19,10.2,10.31,10.2,10.23,9.91681,37551600
7/1/19,10.34,10.43,10.07,10.15,9.839258,38452600
7/2/19,10.15,10.21,10.04,10.12,9.810178,29708000
7/3/19,10.18,10.3,10.13,10.2,9.887728,19326600
7/5/19,10.18,10.27,10.09,10.2,9.887728,21397900
7/8/19,10.2,10.26,10.18,10.2,9.887728,23244100
7/9/19,10.17,10.19,10.1,10.14,9.829566,25140600
7/10/19,10.19,10.26,10.11,10.11,9.800483,29082200
7/11/19,10.15,10.2,10.11,10.19,9.878035,27667500
7/12/19,10.24,10.5,10.24,10.49,10.16885,40761600
7/15/19,10.49,10.56,10.34,10.42,10.100993,33753500
7/16/19,10.37,10.51,10.29,10.51,10.188238,29530500
7/17/19,10.48,10.5,10.31,10.33,10.013748,25204400
7/18/19,10.3,10.31,10.18,10.26,9.945891,25810600
7/19/19,10.3,10.32,10.2,10.2,9.887728,38505600
7/22/19,10.13,10.17,10,10.02,9.858213,36238600
7/23/19,10.13,10.22,10.06,10.17,10.005791,74624800
7/24/19,10.18,10.35,10.14,10.33,10.163207,61107500
7/25/19,9.75,9.78,9.4,9.56,9.405641,133898600
7/26/19,9.58,9.65,9.51,9.57,9.415479,47710200
7/29/19,9.6,9.68,9.52,9.6,9.444995,36487800
7/30/19,9.56,9.58,9.48,9.55,9.395802,36944700
7/31/19,9.57,9.58,9.4,9.53,9.376124,56715500
8/1/19,9.53,9.59,9.28,9.31,9.159678,58060800
8/2/19,9.26,9.34,9.21,9.28,9.130161,41495200
8/5/19,9.18,9.27,9.06,9.23,9.080968,47963400
8/6/19,9.42,9.51,9.36,9.48,9.326931,51856100
8/7/19,9.43,9.56,9.32,9.53,9.376124,43042400
8/8/19,9.56,9.62,9.51,9.56,9.405641,25469000
8/9/19,9.54,9.58,9.39,9.45,9.297416,38739700
8/12/19,9.39,9.43,9.28,9.29,9.139999,23050400
8/13/19,9.29,9.42,9.18,9.26,9.110484,28231500
8/14/19,9.13,9.15,8.96,9,8.854682,45967400
8/15/19,9.06,9.06,8.78,8.86,8.716943,40682800
8/16/19,8.92,9,8.81,8.96,8.815328,27369900
8/19/19,9.05,9.1,9.02,9.03,8.884197,21844000
8/20/19,9,9.07,8.93,8.96,8.815328,25108600
8/21/19,9.02,9.05,8.97,9.04,8.894036,20434800
8/22/19,9.05,9.14,9.02,9.04,8.894036,20974700
8/23/19,8.9,8.99,8.73,8.77,8.628396,44982300
8/26/19,8.88,8.91,8.79,8.82,8.677588,31888200
8/27/19,8.89,8.91,8.75,8.76,8.618558,23024400
8/28/19,8.72,9.04,8.7,9,8.854682,35147300
8/29/19,9.1,9.14,9.03,9.12,8.972745,22011000
8/30/19,9.16,9.23,9.1,9.17,9.021937,32057900
9/3/19,9.18,9.2,9.04,9.1,8.953068,26331000
9/4/19,9.17,9.23,9.07,9.2,9.051453,27406400
9/5/19,9.25,9.4,9.25,9.34,9.189193,36626800
9/6/19,9.37,9.41,9.2,9.34,9.189193,29210100
9/9/19,9.39,9.65,9.39,9.54,9.385963,48059400
9/10/19,9.08,9.42,9.04,9.42,9.2679,70567300
9/11/19,9.29,9.43,9.29,9.42,9.2679,34190300
9/12/19,9.36,9.48,9.32,9.41,9.258062,35687700
9/13/19,9.47,9.59,9.44,9.45,9.297416,27161300
9/16/19,9.36,9.45,9.24,9.3,9.149838,50052600
9/17/19,9.27,9.31,9.18,9.28,9.130161,27391200
9/18/19,9.26,9.36,9.22,9.25,9.100646,24309400
9/19/19,9.31,9.33,9.1,9.1,8.953068,28780700
9/20/19,9.13,9.3,9.11,9.17,9.021937,37491300
9/23/19,9.13,9.23,9.08,9.16,9.012098,22051100
9/24/19,9.19,9.23,9.05,9.11,8.962906,33092500
9/25/19,9.1,9.23,9.09,9.2,9.051453,20510300
9/26/19,9.23,9.23,9.07,9.14,8.992422,26556300
9/27/19,9.14,9.6,9.06,9.08,8.933391,32459500
9/30/19,9.11,9.21,9.1,9.16,9.012098,21510000
10/1/19,9.19,9.24,8.87,8.9,8.756296,39559500
10/2/19,8.85,8.86,8.44,8.61,8.470979,68137000
10/3/19,8.55,8.71,8.45,8.71,8.569365,40827900
10/4/19,8.72,8.76,8.66,8.74,8.59888,27827400
10/7/19,8.7,8.79,8.61,8.68,8.539849,29340400
10/8/19,8.65,8.66,8.5,8.54,8.402109,31091200
10/9/19,8.61,8.64,8.56,8.56,8.421787,16898500
10/10/19,8.58,8.65,8.52,8.62,8.480818,28069600
10/11/19,8.73,8.87,8.73,8.78,8.638234,34175700
10/14/19,8.82,8.84,8.76,8.82,8.677588,24794500
10/15/19,8.84,9.1,8.78,9.07,8.923552,29771700
10/16/19,9.11,9.19,9.06,9.07,8.923552,27190300
10/17/19,9.12,9.14,9.03,9.11,8.962906,28361200
10/18/19,9.09,9.32,9.09,9.29,9.139999,42422900
10/21/19,9.19,9.24,9.01,9.03,9.03,33610200
10/22/19,9.01,9.14,8.96,9.07,9.07,35878500
10/23/19,9.01,9.21,8.97,9.21,9.21,44770400
10/24/19,8.87,8.89,8.55,8.6,8.6,120395200
10/25/19,8.67,8.75,8.62,8.72,8.72,51373600
10/28/19,8.76,8.76,8.58,8.61,8.61,39635300
10/29/19,8.59,8.71,8.59,8.64,8.64,36771800
10/30/19,8.64,8.64,8.52,8.54,8.54,28685300
10/31/19,8.58,8.6,8.5,8.59,8.59,29124100
11/1/19,8.64,8.93,8.64,8.89,8.89,55354900
11/4/19,8.93,9.05,8.93,9,9,46716500
11/5/19,9.02,9.15,9,9.02,9.02,37569700
11/6/19,9.05,9.05,8.89,8.92,8.92,39497700
11/7/19,8.96,9.01,8.88,8.89,8.89,32640400
11/8/19,8.9,9.04,8.82,9.04,9.04,29476800
11/11/19,8.95,9.1,8.94,9.08,9.08,24846600
11/12/19,9.06,9.13,9.04,9.04,9.04,28703900
11/13/19,9,9,8.8,8.81,8.81,34491200
11/14/19,8.85,8.91,8.78,8.79,8.79,26527800
11/15/19,8.85,8.96,8.85,8.95,8.95,26416300
11/18/19,9.05,9.05,8.89,8.95,8.95,38291400
11/19/19,8.99,9,8.87,8.9,8.9,31168900
11/20/19,8.88,8.89,8.68,8.73,8.73,38271500
11/21/19,8.77,8.79,8.67,8.71,8.71,33161400
11/22/19,8.8,8.9,8.77,8.89,8.89,34966700
11/25/19,8.9,9.01,8.87,9,9,30580900
11/26/19,8.98,9.02,8.91,9.01,9.01,30093800
11/27/19,9.03,9.15,9.02,9.1,9.1,37396100
11/29/19,9.04,9.1,9.03,9.06,9.06,13096200
12/2/19,9.08,9.14,9,9.01,9.01,37232700
12/3/19,8.95,8.95,8.8,8.89,8.89,40653100
12/4/19,8.95,9.03,8.94,8.95,8.95,29982900